"S17","S17Nm","S17NmEn"
"1","食品","FOODS"
"10","情報通信・サービスその他","IT & SERVICES, OTHERS "
"11","電気・ガス","ELECTRIC POWER & GAS"
"12","運輸・物流","TRANSPORTATION & LOGISTICS"
"13","商社・卸売","COMMERCIAL & WHOLESALE TRADE"
"14","小売","RETAIL TRADE"
"15","銀行","BANKS"
"16","金融（除く銀行）","FINANCIALS (EX BANKS) "
"17","不動産","REAL ESTATE"
"2","エネルギー資源","ENERGY RESOURCES"
"3","建設・資材","CONSTRUCTION & MATERIALS"
"4","素材・化学","RAW MATERIALS & CHEMICALS"
"5","医薬品","PHARMACEUTICAL"
"6","自動車・輸送機","AUTOMOBILES & TRANSPORTATION EQUIPMEN"
"7","鉄鋼・非鉄","STEEL & NONFERROUS METALS"
"8","機械","MACHINERY"
"9","電機・精密","ELECTRIC APPLIANCES & PRECISION INSTRUMENTS"
"99","その他","OTHER"
